min-fill,min-degree,node count,edge count
33.6158082485199,34.72835636138916,10,45
