min-fill,min-degree,node count,edge count
0.013769149780273438,0.01018381118774414,4,6
0.8947350978851318,0.8969368934631348,8,2
3.3649849891662598,3.3965320587158203,9,3
0.2657639980316162,0.25962185859680176,7,2
13.077786922454834,13.06908893585205,1,0
0.08323478698730469,0.0768120288848877,6,1
0.030658960342407227,0.026253938674926758,5,1
0.006120920181274414,0.003918170928955078,3,3
0.0019118785858154297,0.0013580322265625,2,1
