min-fill,min-degree,node count,edge count
0.03164958953857422,0.030695438385009766,3,0
0.10491204261779785,2.1134402751922607,1,0
0.042565345764160156,0.5811278820037842,8,0
0.013687610626220703,0.03342938423156738,4,0
0.039656639099121094,0.13292527198791504,6,0
0.03314638137817383,0.2749035358428955,7,0
0.022708892822265625,0.06901097297668457,5,0
0.005464315414428711,0.005162954330444336,2,0
0.06524777412414551,0.8879773616790771,9,0
